FirstName,LastName,EmailAddress,Company,Position,ConnectedOn,Tags
Kenneth,Isaac,kennethisaac@fakemail.com,"Parker-Hannifin",Agricultural Technician,7/4/2007,
Janina,Prechtl,janinaprechtl@fakemail.com,"The Clorox Company",Warehouse Stock Clerk,8/10/2004,
Paul,Morgan,paulmorgan@fakemail.com,"Juniper Networks",Factory Layout Engineer,12/10/2015,
Charles,Brown,charlesbrown@fakemail.com,"Amgen Inc",Chemical Equipment Operator,8/16/2004,
Mary,Ramirez,maryramirez@fakemail.com,"CMS Energy",Nuclear Medicine Technologist,8/24/2003,
Cecil,Raines,cecilraines@fakemail.com,"Qorvo",Clinical Psychologist,9/26/2005,
Marcia,Miller,marciamiller@fakemail.com,"Nucor Corp.",Pilot,6/5/2013,
William,Sherwood,williamsherwood@fakemail.com,"PNC Financial Services",Building Inspector,2/9/2009,
Freddie,Gaylord,freddiegaylord@fakemail.com,"Marathon Petroleum",Medical Records Technician,5/25/2003,
Doug,Lambino,douglambino@fakemail.com,"Ecolab Inc.",Agricultural Inspector,5/25/2012,
Kelly,Haddix,kellyhaddix@fakemail.com,"Eastman Chemical",Zoologist,11/26/2011,
Stephen,Harris,stephenharris@fakemail.com,"Zions Bancorp",Environmental Research Analyst,11/20/2006,
Cynthia,Tenneson,cynthiatenneson@fakemail.com,"Newell Brands",Environmental Planner,5/16/2014,
Bill,Jackson,billjackson@fakemail.com,"Level 3 Communications",Math Professor,10/9/2012,
Elizabeth,Garcia,elizabethgarcia@fakemail.com,"Starbucks Corp.",Marketing Managers,10/11/2008,
Curtis,Carnell,curtiscarnell@fakemail.com,"MetLife Inc.",Pediatric Dentist,1/24/2010,
Thomas,Belton,thomasbelton@fakemail.com,"Procter & Gamble",Warehouse Stock Clerk,11/16/2003,
Hattie,Brandes,hattiebrandes@fakemail.com,"Wynn Resorts Ltd",Automobile Mechanic,4/10/2012,
Julie,Barber,juliebarber@fakemail.com,"Chevron Corp.",Probation Officer,8/18/2011,
Raymond,Pacheco,raymondpacheco@fakemail.com,"Philip Morris International",Police Officer,9/25/2010,
John,Martin,johnmartin@fakemail.com,"Equifax Inc.",High School Administrator,11/9/2015,
Connie,Anderson,connieanderson@fakemail.com,"Welltower Inc.",Medical Secretary,8/27/2013,
Willie,Champlin,williechamplin@fakemail.com,"Northrop Grumman Corp.",Preschool Teacher,6/24/2013,
Angela,Sims,angelasims@fakemail.com,"Robert Half International",Chemistry Professor,6/1/2014,
Anna,Clem,annaclem@fakemail.com,"Nucor Corp.",Environmental Technician,8/15/2013,
Lindsay,Cobb,lindsaycobb@fakemail.com,"Level 3 Communications",Aerospace Engineering Technician,9/1/2012,
Rosa,Eash,rosaeash@fakemail.com,"PayPal",Makeup Artist,8/10/2012,
Gwendolyn,Sinkiewicz,gwendolynsinkiewicz@fakemail.com,"Colgate-Palmolive",Gynecologist,11/17/2006,
Christopher,Hemming,christopherhemming@fakemail.com,"Hasbro Inc.",Metal Fabricator,11/4/2007,
Lynn,Little,lynnlittle@fakemail.com,"Altria Group Inc",Clinical Psychologist,11/28/2007,
Mary,Davis,marydavis@fakemail.com,"Delphi Automotive",Materials Engineer,1/18/2009,
Terry,Behrens,terrybehrens@fakemail.com,"Ross Stores",Fire Inspector,6/15/2014,
Dominic,Andersen,dominicandersen@fakemail.com,"Kroger Co.",Environmental Planner,2/21/2015,
Robert,Anderson,robertanderson@fakemail.com,"Medtronic plc",Fine Artist,5/19/2010,
Gwendolyn,Mcintosh,gwendolynmcintosh@fakemail.com,"Gilead Sciences",Sales Manager,5/18/2007,
Kirby,Castleberry,kirbycastleberry@fakemail.com,"Willis Towers Watson",Agricultural Engineer,1/1/2008,
Alba,Prince,albaprince@fakemail.com,"Essex Property Trust, Inc.",High School Teacher,11/9/2011,
Carlee,Weekly,carleeweekly@fakemail.com,"Laboratory Corp. of America Holding",Agricultural Engineer,6/25/2009,
Sheila,Tucker,sheilatucker@fakemail.com,"Albemarle Corp",Securities Broker,3/19/2012,
Kathleen,Allen,kathleenallen@fakemail.com,"TE Connectivity Ltd.",Ophthalmologist,10/21/2015,
Gail,Webber,gailwebber@fakemail.com,"Illinois Tool Works",Transportation Attendants,12/24/2014,
Patsy,Brackman,patsybrackman@fakemail.com,"Hewlett Packard Enterprise",Fashion Artist,8/16/2003,
Constance,Aguilar,constanceaguilar@fakemail.com,"International Business Machines",Educational Psychologist,10/16/2013,
Mary,Durie,marydurie@fakemail.com,"Deere & Co.",Foreign Language Interpreter,2/12/2013,
Dorothy,Rohrs,dorothyrohrs@fakemail.com,"Affiliated Managers Group Inc",Air Traffic Controller,10/9/2004,
Michelle,Delaney,michelledelaney@fakemail.com,"Mettler Toledo",Agricultural Engineer,6/6/2012,
Dolores,Smith,doloressmith@fakemail.com,"Mattel Inc.",Museum Curator,6/7/2016,
Christopher,Barnett,christopherbarnett@fakemail.com,"Regions Financial Corp.",Nurse Practitioner,5/3/2014,
Evelyn,Shaw,evelynshaw@fakemail.com,"Church & Dwight",Real Estate Sales Agent,10/10/2005,
Brittny,Dobbins,brittnydobbins@fakemail.com,"Qorvo",Office Supervisor,9/9/2010,
Vicente,Andrews,vicenteandrews@fakemail.com,"United Continental Holdings",Graduate Teaching Assistant,11/10/2013,
Scott,Carnes,scottcarnes@fakemail.com,"Scripps Networks Interactive Inc.",Welder,10/22/2015,
Ericka,Napier,erickanapier@fakemail.com,"Tractor Supply Company",Library Assistant,5/3/2006,
Alice,Becker,alicebecker@fakemail.com,"Western Digital",Patent Lawyer,6/16/2004,
Heather,Smith,heathersmith@fakemail.com,"Alphabet Inc Class A",Pest Control Workers,8/14/2009,
Victoria,Renteria,victoriarenteria@fakemail.com,"Laboratory Corp. of America Holding",Medical Laboratory Technician,2/15/2011,
Lorenzo,Walls,lorenzowalls@fakemail.com,"Baker Hughes Inc",Commercial Fisherman,11/22/2003,
Peggy,Roach,peggyroach@fakemail.com,"Halliburton Co.",Home Health Aide,6/27/2009,
Craig,Denney,craigdenney@fakemail.com,"Citizens Financial Group",Elementary School Administrator,5/13/2004,
Tien,Dickie,tiendickie@fakemail.com,"Time Warner Inc.",Photographer,8/13/2016,
Hector,Alexander,hectoralexander@fakemail.com,"Humana Inc.",School Psychologist,1/2/2007,
Maria,Ringstaff,mariaringstaff@fakemail.com,"Aon plc",Pilot,8/11/2005,
Sandra,Harrison,sandraharrison@fakemail.com,"Discover Financial Services",Biomedical Engineer,9/26/2003,
Richard,Brown,richardbrown@fakemail.com,"Halliburton Co.",Dentist,8/1/2009,
Ronald,Nichols,ronaldnichols@fakemail.com,"Edwards Lifesciences",Occupational Therapist,11/21/2015,
Willie,Miller,williemiller@fakemail.com,"Procter & Gamble",Tax Auditor,12/1/2006,
Kimberly,King,kimberlyking@fakemail.com,"The Hershey Company",Tax Accountant,11/2/2012,
Travis,Neal,travisneal@fakemail.com,"Ameriprise Financial",Woodworking Machine Operators,5/10/2005,
Sarah,Huguley,sarahhuguley@fakemail.com,"Harris Corporation",Biology Professor,8/3/2007,
Aaron,Korsmeyer,aaronkorsmeyer@fakemail.com,"Ball Corp",Art Restorer,6/6/2015,
Mary,Alpaugh,maryalpaugh@fakemail.com,"HP Inc.",Agricultural Inspector,12/12/2015,
Paul,Luzar,paulluzar@fakemail.com,"Mettler Toledo",Graphic Designer,5/6/2004,
Amy,Luongo,amyluongo@fakemail.com,"Consolidated Edison",Human Resources Management Advisor,2/1/2011,
Randall,Lin,randalllin@fakemail.com,"Global Payments Inc",Market Research Analyst,6/17/2014,
William,Flores,williamflores@fakemail.com,"CA, Inc.",Woodworking Machine Operators,1/23/2006,
Joyce,Green,joycegreen@fakemail.com,"Robert Half International",Environmental Planner,3/25/2013,
Gregory,Johnson,gregoryjohnson@fakemail.com,"The Clorox Company",Writer,11/26/2012,
Alice,Eady,aliceeady@fakemail.com,"Marathon Oil Corp.",Market Research Analyst,10/10/2011,
Donald,Hoch,donaldhoch@fakemail.com,"Dollar General",Foreign Language Translator,2/28/2011,
Margaret,Robinson,margaretrobinson@fakemail.com,"Franklin Resources",Civil Engineer,3/27/2011,
Johnny,Jahnke,johnnyjahnke@fakemail.com,"News Corp. Class A",Child Support Services Worker,1/14/2016,
Pearl,Sherman,pearlsherman@fakemail.com,"Xerox Corp.",Commercial Fisherman,7/1/2009,
Bonnie,Castro,bonniecastro@fakemail.com,"TripAdvisor",Pediatric Dentist,3/8/2003,
Numbers,Wilmot,numberswilmot@fakemail.com,"Autodesk Inc",Property Managers,10/23/2015,
James,Rodriguez,jamesrodriguez@fakemail.com,"Michael Kors Holdings",Industrial Designer,10/19/2004,
Elaine,Walker,elainewalker@fakemail.com,"Symantec Corp.",Child Support Services Worker,2/22/2005,
Arthur,Hill,arthurhill@fakemail.com,"Skyworks Solutions",Clinical Psychologist,8/12/2015,
Judy,Forbes,judyforbes@fakemail.com,"Stanley Black & Decker",Chemistry Professor,5/13/2016,
Marc,Parrales,marcparrales@fakemail.com,"Agilent Technologies Inc",Dermatologist,5/4/2008,
Leo,Williams,leowilliams@fakemail.com,"Transocean",Hospital Nurse,6/21/2015,
Linda,Fountain,lindafountain@fakemail.com,"Skyworks Solutions",Marking Clerk,8/10/2012,
Ruth,Letko,ruthletko@fakemail.com,"FMC Corporation",Retail Store Manager,12/5/2008,
Shirley,Brandt,shirleybrandt@fakemail.com,"HCP Inc.",Advertising Account Executive,6/27/2016,
Mary,Herbst,maryherbst@fakemail.com,"Lincoln National",Computer Systems Engineer,8/21/2012,
Matthew,Lopez,matthewlopez@fakemail.com,"Southwest Airlines",Film Editor,6/19/2010,
Verda,Robertson,verdarobertson@fakemail.com,"Illumina Inc",Medical Insurance Claims Analyst,11/11/2011,
Jim,Nogle,jimnogle@fakemail.com,"Bed Bath & Beyond",Real Estate Sales Agent,8/17/2015,
Phillip,Herring,phillipherring@fakemail.com,"Progressive Corp.",Office Supervisor,5/9/2005,
Kevin,Anding,kevinanding@fakemail.com,"Boston Scientific",Self-Employed,10/25/2005,
Richard,Bedsole,richardbedsole@fakemail.com,"Linear Technology Corp.",Aerospace Engineering Technician,6/1/2015,
Jason,Murray,jasonmurray@fakemail.com,"Xerox Corp.",Fashion Designer,8/16/2006,
Margaret,Roberts,margaretroberts@fakemail.com,"Level 3 Communications",Environmental Engineer,5/14/2016,
John,Wilkins,johnwilkins@fakemail.com,"Entergy Corp.",Educational Psychologist,4/13/2006,
Dale,Tipka,daletipka@fakemail.com,"Caterpillar Inc.",Video Engineer,9/27/2008,
Eric,Conner,ericconner@fakemail.com,"Viacom Inc.",Financial Analyst,11/20/2004,
Floyd,Sanders,floydsanders@fakemail.com,"Southwestern Energy",Materials Scientist,9/26/2010,
Stephanie,Johnson,stephaniejohnson@fakemail.com,"Invesco Ltd.",Math Professor,11/21/2012,
Norma,Bludworth,normabludworth@fakemail.com,"Newfield Exploration Co",Graphic Designer,8/6/2013,
Christine,Salinas,christinesalinas@fakemail.com,"Linear Technology Corp.",Landscape Architect,12/23/2016,
Ann,Baldwin,annbaldwin@fakemail.com,"Noble Energy Inc",Tax Auditor,10/5/2005,
Eduardo,Styles,eduardostyles@fakemail.com,"Equinix",Community Organization Worker,3/28/2011,
Amy,Schaaf,amyschaaf@fakemail.com,"Church & Dwight",Athletic Coach,5/28/2015,
Thomas,Iorio,thomasiorio@fakemail.com,"Prudential Financial",Massage Therapist,12/19/2009,
Jesse,Johnson,jessejohnson@fakemail.com,"eBay Inc.",Medical Technologist,2/26/2014,
William,Pereira,williampereira@fakemail.com,"Sysco Corp.",Transportation Attendants,1/8/2010,
Robin,Stultz,robinstultz@fakemail.com,"CMS Energy",Maintenance Supervisor,10/8/2003,
Sabrina,Roberts,sabrinaroberts@fakemail.com,"Lowe's Cos.",Maintenance Supervisor,6/24/2009,
David,Gomez,davidgomez@fakemail.com,"FMC Corporation",Probate Lawyer,1/2/2008,
Adam,Kerr,adamkerr@fakemail.com,"CBOE Holdings",Environmental Science Professsor,10/4/2003,
Charles,Lisonbee,charleslisonbee@fakemail.com,"Wec Energy Group Inc",Police Officer,2/8/2008,
Eric,Donatello,ericdonatello@fakemail.com,"Baxter International Inc.",Chief Executive Officer,11/14/2016,
Charlie,Peterson,charliepeterson@fakemail.com,"Reynolds American Inc.",Soil Scientist,7/7/2005,
Rebecca,Williams,rebeccawilliams@fakemail.com,"Home Depot",Environmental Research Analyst,11/10/2016,
Belinda,Walker,belindawalker@fakemail.com,"Flowserve Corporation",Biology Professor,6/4/2011,
Melissa,Garcia,melissagarcia@fakemail.com,"Harris Corporation",Aerospace Engineering Technician,1/4/2015,
June,Wilson,junewilson@fakemail.com,"Intuitive Surgical Inc.",Fashion Model,3/14/2008,
Kandice,Hollingsworth,kandicehollingsworth@fakemail.com,"Oracle Corp.",Veterinarian,2/15/2008,
Raymond,Bishop,raymondbishop@fakemail.com,"MetLife Inc.",High School Administrator,4/13/2015,
Stephine,Graves,stephinegraves@fakemail.com,"FMC Corporation",File Clerk,12/7/2012,
Clarence,Fishman,clarencefishman@fakemail.com,"SunTrust Banks",Educational Psychologist,5/10/2003,
Jose,Francis,josefrancis@fakemail.com,"Aon plc",Soil Engineer,1/9/2008,
Adelina,Wright,adelinawright@fakemail.com,"General Mills",Set Designer,1/12/2004,
Ramiro,Davis,ramirodavis@fakemail.com,"U.S. Bancorp",Wildlife Biologist,3/10/2011,
Martha,Moore,marthamoore@fakemail.com,"M&T Bank Corp.",Restaurant Manager,6/21/2008,
Otha,Philips,othaphilips@fakemail.com,"Nucor Corp.",Elementary School Administrator,3/13/2015,
Stefan,Moses,stefanmoses@fakemail.com,"Harris Corporation",Dental Assistant,9/6/2012,
David,Johnson,davidjohnson@fakemail.com,"Torchmark Corp.",Retail Store Manager,1/3/2006,
Douglas,Mcmillan,douglasmcmillan@fakemail.com,"Parker-Hannifin",Physical Therapist,9/9/2007,
Teresa,Johnston,teresajohnston@fakemail.com,"WestRock Company",Budget Analyst,3/19/2007,
Brad,Towery,bradtowery@fakemail.com,"Hanesbrands Inc",Real Estate Assessor,4/8/2005,
Buck,Alford,buckalford@fakemail.com,"Avery Dennison Corp",Art Therapist,8/5/2012,
Joey,Upshaw,joeyupshaw@fakemail.com,"Yahoo Inc.",Accounting Specialist,6/13/2011,
Susan,Grasser,susangrasser@fakemail.com,"CMS Energy",Physics Professor,7/9/2011,
James,Roberson,jamesroberson@fakemail.com,"Broadcom",Safety Inspector,2/16/2010,
Frances,Stover,francesstover@fakemail.com,"UDR Inc",Community Health Nurse,10/5/2015,
Andrew,Prior,andrewprior@fakemail.com,"Under Armour",Library Assistant,11/23/2009,
Jay,Deal,jaydeal@fakemail.com,"CIGNA Corp.",Agricultural Engineer,1/15/2012,
Steve,Boucher,steveboucher@fakemail.com,"Republic Services Inc",Psychiatrist,7/27/2007,
Louis,Troilo,louistroilo@fakemail.com,"Cisco Systems",Book Editor,6/3/2011,
Steve,Ashworth,steveashworth@fakemail.com,"PayPal",High School Guidance Counselor,2/11/2007,
Dena,Bryant,denabryant@fakemail.com,"PNC Financial Services",Office Clerk,5/23/2016,
Nathan,Asmussen,nathanasmussen@fakemail.com,"Monsanto Co.",Field Contractor,1/24/2008,
Mary,Wilson,marywilson@fakemail.com,"CF Industries Holdings Inc",Gynecologist,4/7/2009,
Maria,Lewis,marialewis@fakemail.com,"U.S. Bancorp",Soil Scientist,8/16/2004,
Walter,Latham,walterlatham@fakemail.com,"Pioneer Natural Resources",High School Guidance Counselor,1/18/2016,
Edward,Tomas,edwardtomas@fakemail.com,"BlackRock",Nurse Practitioner,6/5/2008,
Leilani,Gordon,leilanigordon@fakemail.com,"CSX Corp.",Soil Scientist,5/19/2014,
Maggie,Weeks,maggieweeks@fakemail.com,"Mondelez International",Agricultural Engineer,11/20/2004,
Christine,Flores,christineflores@fakemail.com,"Cisco Systems",Management Consultant,5/24/2008,
Karen,Rowlands,karenrowlands@fakemail.com,"Jacobs Engineering Group",Orthodontist,1/22/2012,
Sebastian,Slife,sebastianslife@fakemail.com,"AbbVie",Air Crew Member,8/5/2009,
Velma,Dotson,velmadotson@fakemail.com,"Du Pont (E.I.)",Office Clerk,8/9/2008,
Kurtis,Ruiz,kurtisruiz@fakemail.com,"Broadcom",Sociology Professor,12/15/2009,
Susan,Hafley,susanhafley@fakemail.com,"Mastercard Inc.",Environmental Planner,5/4/2011,
Anthony,Trojillo,anthonytrojillo@fakemail.com,"Southwestern Energy",Middle School Administrator,12/3/2006,
Sarah,Roddy,sarahroddy@fakemail.com,"Avery Dennison Corp",Welder,4/11/2007,
Darren,Cooper,darrencooper@fakemail.com,"Macerich",Animal Scientist,5/11/2003,
Kacey,Neal,kaceyneal@fakemail.com,"Mattel Inc.",Wholesale Buyers,1/15/2014,
Deborah,Banks,deborahbanks@fakemail.com,"Chipotle Mexican Grill",Chemical Engineer,11/2/2003,
Jose,Horn,josehorn@fakemail.com,"Harman Int'l Industries",Purchasing Manager,4/4/2016,
Sandra,Cortes,sandracortes@fakemail.com,"Xerox Corp.",Art Appraiser,7/1/2008,
William,Myers,williammyers@fakemail.com,"Aon plc",Warehouse Stock Clerk,10/25/2013,
John,Cottingham,johncottingham@fakemail.com,"The Clorox Company",Retail Store Manager,12/6/2010,
Jordan,Michael,jordanmichael@fakemail.com,"Aon plc",Database Administrator,8/28/2007,
David,Brose,davidbrose@fakemail.com,"Amphenol Corp",Family Practitioner,2/26/2005,
Robin,Ngo,robinngo@fakemail.com,"Express Scripts",Mechanical Engineer,6/5/2009,
Joseph,Rojo,josephrojo@fakemail.com,"HCA Holdings",Agricultural Inspector,9/14/2005,
Jeffery,Anderson,jefferyanderson@fakemail.com,"Albemarle Corp",Environmental Research Analyst,7/27/2004,
Norman,Conrad,normanconrad@fakemail.com,"Discover Financial Services",Newspaper Editor,8/18/2007,
Kimberly,Hoggatt,kimberlyhoggatt@fakemail.com,"SL Green Realty",Government Service Executives,5/10/2015,
Newton,Werner,newtonwerner@fakemail.com,"Altria Group Inc",Computer Systems Engineer,4/3/2008,
James,Allums,jamesallums@fakemail.com,"Valero Energy",Fashion Designer,6/13/2006,
Howard,Brill,howardbrill@fakemail.com,"Stryker Corp.",Pest Control Workers,3/22/2007,
Joe,Vega,joevega@fakemail.com,"Cognizant Technology Solutions",Personal Service Supervisor,4/28/2005,
Mark,Romano,markromano@fakemail.com,"American Tower Corp A",Nursery Worker,10/13/2008,
Maria,Lindsey,marialindsey@fakemail.com,"Ingersoll-Rand PLC",Video Engineer,4/24/2003,
Timothy,Kaplan,timothykaplan@fakemail.com,"Fortune Brands Home & Security",Building Inspector,3/7/2015,
Sean,Byram,seanbyram@fakemail.com,"EQT Corporation",Social Service Volunteer,4/20/2007,
Julia,Walker,juliawalker@fakemail.com,"Union Pacific",Chemical Plant Operator,4/16/2016,
Elmer,Schuck,elmerschuck@fakemail.com,"The Cooper Companies",Construction Laborer,11/25/2008,
Daniel,Elwell,danielelwell@fakemail.com,"Carnival Corp.",Surgeon,10/14/2015,
Jeremy,Womack,jeremywomack@fakemail.com,"Level 3 Communications",Zoologist,3/28/2010,
Joaquin,Kirwan,joaquinkirwan@fakemail.com,"Goodyear Tire & Rubber",Environmental Engineer,11/19/2014,
John,Twilley,johntwilley@fakemail.com,"Fortune Brands Home & Security",Graduate Teaching Assistant,9/14/2012,
Christopher,White,christopherwhite@fakemail.com,"Snap-On Inc.",Corporation Lawyer,2/12/2003,
Katherine,Wallace,katherinewallace@fakemail.com,"CA, Inc.",Welder,12/28/2005,
Merle,Skinner,merleskinner@fakemail.com,"KLA-Tencor Corp.",Tax Auditor,3/15/2003,
Jeremy,Ericson,jeremyericson@fakemail.com,"Intuitive Surgical Inc.",Makeup Artist,8/9/2014,
Donald,West,donaldwest@fakemail.com,"Dollar General",File Clerk,3/21/2006,
Elizabeth,Amador,elizabethamador@fakemail.com,"Affiliated Managers Group Inc",Museum Curator,4/10/2015,
Edward,Flores,edwardflores@fakemail.com,"Leggett & Platt",Social Worker,6/17/2003,
Janet,Bernstein,janetbernstein@fakemail.com,"Martin Marietta Materials",Fitness Trainer,5/24/2008,
Eileen,Pagan,eileenpagan@fakemail.com,"Chevron Corp.",Educational Administrator,4/16/2013,
David,Redinger,davidredinger@fakemail.com,"Freeport-McMoRan Inc.",Personal Service Supervisor,9/27/2012,
Justine,Serbus,justineserbus@fakemail.com,"HP Inc.",Occupational Therapist,11/23/2012,
Kurt,Jenkins,kurtjenkins@fakemail.com,"DaVita Inc.",School Psychologist,2/26/2013,
Martin,Holloway,martinholloway@fakemail.com,"CBS Corp.",Medical Assistant,6/28/2011,
Consuelo,Duff,consueloduff@fakemail.com,"CME Group Inc.",Restaurant Manager,4/17/2012,
Helen,Morgan,helenmorgan@fakemail.com,"CBRE Group",Occupational Therapist,2/21/2008,
Mary,Johns,maryjohns@fakemail.com,"Ulta Salon Cosmetics & Fragrance Inc",Product Safety Engineer,11/22/2005,
Doug,King,dougking@fakemail.com,"Snap-On Inc.",Set Designer,11/8/2012,
Edgar,Romano,edgarromano@fakemail.com,"Activision Blizzard",Elementary School Administrator,12/20/2011,
Patrick,Rodriguez,patrickrodriguez@fakemail.com,"Northrop Grumman Corp.",Professor,3/20/2006,
Tarsha,Price,tarshaprice@fakemail.com,"Arthur J. Gallagher & Co.",Alumni Relations Coordinator,12/26/2013,
Kendrick,Laramie,kendricklaramie@fakemail.com,"Invesco Ltd.",Probate Lawyer,9/8/2013,
Max,Faron,maxfaron@fakemail.com,"Comerica Inc.",Bank Examiner,9/16/2015,
Maria,Mcclintock,mariamcclintock@fakemail.com,"Intercontinental Exchange",Chemistry Professor,9/14/2003,
George,Goodwin,georgegoodwin@fakemail.com,"Avery Dennison Corp",Accounting Specialist,4/28/2006,
John,Kenney,johnkenney@fakemail.com,"Gap (The)",Dental Hygienist,1/8/2005,
Grace,Allen,graceallen@fakemail.com,"AMETEK Inc",Maintenance Supervisor,6/14/2012,
John,Jacobs,johnjacobs@fakemail.com,"Lowe's Cos.",Agricultural Engineer,4/17/2015,
Sean,Ellis,seanellis@fakemail.com,"Martin Marietta Materials",Social Worker,8/10/2015,
Ernestine,Abarca,ernestineabarca@fakemail.com,"Eversource Energy",Tax Accountant,7/20/2013,
Joshua,Ridley,joshuaridley@fakemail.com,"Costco Co.",Foreign Language Interpreter,4/22/2009,
Eric,Mccartney,ericmccartney@fakemail.com,"Tyson Foods",Engineering Managers,5/14/2016,
Max,Sutton,maxsutton@fakemail.com,"Schlumberger Ltd.",Personnel Assistant,4/17/2006,
Jonathan,Smith,jonathansmith@fakemail.com,"PerkinElmer",Executive Secretary,1/21/2013,
Jose,Gill,josegill@fakemail.com,"Stericycle Inc",Physical Education Instructor,11/2/2006,
Sandra,Juliana,sandrajuliana@fakemail.com,"Nvidia Corporation",Elementary School Administrator,8/11/2015,
Donnell,Bussard,donnellbussard@fakemail.com,"The Cooper Companies",Aircraft Mechanic,2/13/2015,
David,Cooley,davidcooley@fakemail.com,"United Technologies",Financial Analyst,10/12/2015,
Thomas,Rice,thomasrice@fakemail.com,"Dominion Resources",Commercial Diver,6/1/2007,
Stephen,Aguayo,stephenaguayo@fakemail.com,"Total System Services",Marine Architect,4/21/2012,
Timothy,Mazzella,timothymazzella@fakemail.com,"Micron Technology",Engineer,7/15/2016,
James,Palmer,jamespalmer@fakemail.com,"Verisk Analytics",Plastic Surgeon,6/20/2010,
Eileen,Vawter,eileenvawter@fakemail.com,"Delta Air Lines",Petroleum Engineer,1/24/2007,
Edward,Mccray,edwardmccray@fakemail.com,"Amphenol Corp",Set Designer,3/24/2006,
Lonny,Vance,lonnyvance@fakemail.com,"Concho Resources",Nuclear Technicians,9/1/2009,
Mary,Malstrom,marymalstrom@fakemail.com,"Garmin Ltd.",Fashion Designer,1/26/2015,
Clara,Vanhoose,claravanhoose@fakemail.com,"LyondellBasell",Purchasing Manager,5/21/2015,
Phyllis,Propst,phyllispropst@fakemail.com,"Wal-Mart Stores",Safety Inspector,3/13/2013,
Donald,Strawn,donaldstrawn@fakemail.com,"Berkshire Hathaway",Clinical Psychologist,5/25/2003,
Betty,Fisher,bettyfisher@fakemail.com,"Hess Corporation",Fine Artist,8/27/2005,
Raul,Whitham,raulwhitham@fakemail.com,"NetApp",Dental Hygienist,5/12/2004,
Renee,Delzer,reneedelzer@fakemail.com,"SCANA Corp",IT Administrator,8/25/2015,
Kevin,Young,kevinyoung@fakemail.com,"Intel Corp.",Government Service Executives,11/16/2010,
Brian,Scott,brianscott@fakemail.com,"Goodyear Tire & Rubber",Account Collector,1/7/2010,
Tabatha,Lizotte,tabathalizotte@fakemail.com,"FMC Corporation",Tax Auditor,2/12/2005,
Richard,Grace,richardgrace@fakemail.com,"Estee Lauder Cos.",Elementary School Teacher,10/2/2006,
Charles,Agin,charlesagin@fakemail.com,"Edwards Lifesciences",Materials Scientist,10/7/2014,
Verna,Thomas,vernathomas@fakemail.com,"Apple Inc.",Screen Writer,12/13/2010,
Katheryn,Mcfarland,katherynmcfarland@fakemail.com,"Freeport-McMoRan Inc.",Clinical Dietitian,12/22/2009,
Alice,Chou,alicechou@fakemail.com,"Jacobs Engineering Group",Dermatologist,11/6/2008,
Jesse,Daley,jessedaley@fakemail.com,"Weyerhaeuser Corp.",Financial Services Sales Agent,2/14/2010,
Cassandra,Burton,cassandraburton@fakemail.com,"Nielsen Holdings",Video Engineer,3/10/2004,
Julie,Mileski,juliemileski@fakemail.com,"Charles Schwab Corporation",Copy Writer,2/6/2005,
Dana,Brown,danabrown@fakemail.com,"Newell Brands",Computer Software Engineers,7/11/2007,
Robert,Crawford,robertcrawford@fakemail.com,"Masco Corp.",Real Estate Assessor,10/3/2008,
Robert,Caldera,robertcaldera@fakemail.com,"Weyerhaeuser Corp.",Middle School Administrator,5/21/2012,
Anna,Link,annalink@fakemail.com,"Nvidia Corporation",Purchasing Manager,10/15/2016,
Donald,Clynes,donaldclynes@fakemail.com,"ONEOK",Anesthesiologist,5/19/2013,
Lisa,Smith,lisasmith@fakemail.com,"Consolidated Edison",Hospital Nurse,10/7/2015,
Patrick,Griggs,patrickgriggs@fakemail.com,"Cintas Corporation",Plastic Surgeon,10/17/2008,
Audrey,Dacey,audreydacey@fakemail.com,"TripAdvisor",Materials Scientist,8/20/2012,
Frances,Mcguire,francesmcguire@fakemail.com,"Mylan N.V.",Purchasing Manager,2/23/2005,
David,Sanchez,davidsanchez@fakemail.com,"Activision Blizzard",Medical Laboratory Technician,10/3/2003,
John,Armstong,johnarmstong@fakemail.com,"Expeditors Int'l",Fashion Designer,10/25/2013,
Diane,Hutto,dianehutto@fakemail.com,"ConAgra Foods Inc.",Petroleum Geologist,6/10/2012,
Virginia,Packard,virginiapackard@fakemail.com,"Total System Services",Surgeon,11/22/2016,
Hubert,Collins,hubertcollins@fakemail.com,"Capital One Financial",Computer Programmer,4/16/2015,
James,Harmon,jamesharmon@fakemail.com,"Digital Realty Trust",Aircraft Mechanic,4/28/2011,
Jackie,Flagg,jackieflagg@fakemail.com,"Hewlett Packard Enterprise",Zoologist,11/23/2003,
Francisco,Zullo,franciscozullo@fakemail.com,"International Business Machines",Criminal Lawyer,9/3/2010,
Tami,Diamantopoulo,tamidiamantopoulo@fakemail.com,"Vornado Realty Trust",Hotel Manager,11/3/2011,
Jamie,Lund,jamielund@fakemail.com,"Verisign Inc.",Fire Protection Engineer,11/6/2013,
Robyn,Jackson,robynjackson@fakemail.com,"Ingersoll-Rand PLC",Account Collector,6/3/2010,
Clara,Reifsteck,clarareifsteck@fakemail.com,"Iron Mountain Incorporated",Hotel Manager,5/14/2014,
Andy,Mattocks,andymattocks@fakemail.com,"TJX Companies Inc.",Zoologist,12/13/2013,
Juanita,Breckenridge,juanitabreckenridge@fakemail.com,"Crown Castle International Corp.",Sales Manager,9/23/2005,
Jeanne,Jones,jeannejones@fakemail.com,"Goldman Sachs Group",Cardiologist,4/26/2005,
Jordan,Jones,jordanjones@fakemail.com,"Pulte Homes Inc.",Funeral Director,9/16/2014,
Joseph,Bass,josephbass@fakemail.com,"Electronic Arts",Chief Financial Officer,12/20/2008,
Brandi,Robbins,brandirobbins@fakemail.com,"CIGNA Corp.",Retail Store Manager,8/24/2004,
Peter,Taylor,petertaylor@fakemail.com,"Verisk Analytics",Marketing Managers,8/10/2008,
Helen,Tucker,helentucker@fakemail.com,"AmerisourceBergen Corp",Motor Vehicle Inspector,7/2/2010,
Crystal,Sullivan,crystalsullivan@fakemail.com,"Ross Stores",Music Teacher,9/26/2013,
Patricia,Barker,patriciabarker@fakemail.com,"Intel Corp.",Finance Manager,9/13/2003,
James,Riley,jamesriley@fakemail.com,"NRG Energy",Woodworking Machine Operators,7/1/2015,
Jesse,Barrow,jessebarrow@fakemail.com,"News Corp. Class B",Pediatrician,12/5/2010,
Melissa,Carrion,melissacarrion@fakemail.com,"Urban Outfitters",Photographer,12/6/2016,
Michael,Robertson,michaelrobertson@fakemail.com,"FLIR Systems",Fashion Designer,12/22/2015,
Harold,Helton,haroldhelton@fakemail.com,"Frontier Communications",Fire Prevention Engineer,8/14/2012,
Katharine,Diefenderfer,katharinediefenderfer@fakemail.com,"Envision Healthcare",Petroleum Geologist,12/21/2013,
Henry,Biddle,henrybiddle@fakemail.com,"Visa Inc.",Community Organization Worker,10/2/2011,
Clifford,Tiffany,cliffordtiffany@fakemail.com,"Public Serv. Enterprise Inc.",Financial Analyst,7/7/2016,
Mary,Parrish,maryparrish@fakemail.com,"United Rentals, Inc.",Financial Planner,11/19/2005,
Melvin,Guinn,melvinguinn@fakemail.com,"Verizon Communications",Mechanical Engineer,11/27/2016,
Jennie,Garcia,jenniegarcia@fakemail.com,"Texas Instruments",Medical Assistant,7/8/2007,
Armand,Burks,armandburks@fakemail.com,"Dun & Bradstreet",Computer Programmer,10/4/2011,
Jeffrey,Chaffin,jeffreychaffin@fakemail.com,"Assurant Inc",Probation Officer,12/19/2009,
Richard,Bott,richardbott@fakemail.com,"Colgate-Palmolive",Art Appraiser,6/20/2003,
Deborah,Smith,deborahsmith@fakemail.com,"American Express Co",Medical Records Administrator,12/26/2011,
Carmen,Grasser,carmengrasser@fakemail.com,"United Rentals, Inc.",Computer Science Professor,8/17/2011,
Desmond,Jones,desmondjones@fakemail.com,"Fidelity National Information Services",Graduate Teaching Assistant,7/10/2007,
Francisco,Attridge,franciscoattridge@fakemail.com,"JPMorgan Chase & Co.",Criminal Lawyer,10/18/2015,
Henry,Cruz,henrycruz@fakemail.com,"Visa Inc.",File Clerk,9/7/2008,
Judith,Zahler,judithzahler@fakemail.com,"Dominion Resources",Marketing Managers,12/14/2004,
Ralph,Wright,ralphwright@fakemail.com,"Tesoro Petroleum Co.",Mechanical Inspector,12/1/2009,
Jesus,Clayton,jesusclayton@fakemail.com,"Garmin Ltd.",School Nurse,9/12/2011,
Peggy,Willis,peggywillis@fakemail.com,"BB&T Corporation",Technical Director,1/19/2005,
James,Heck,jamesheck@fakemail.com,"Intercontinental Exchange",Marking Clerk,9/1/2008,
Felipe,Shen,felipeshen@fakemail.com,"Henry Schein",Account Collector,8/16/2004,
Stephen,Roth,stephenroth@fakemail.com,"United Health Group Inc.",Art Appraiser,5/9/2013,
David,Shaver,davidshaver@fakemail.com,"Apache Corporation",Tax Lawyer,3/14/2016,
Corey,Ewell,coreyewell@fakemail.com,"Capital One Financial",Educational Administrator,5/8/2009,
Robert,Vergari,robertvergari@fakemail.com,"Essex Property Trust, Inc.",Field Contractor,9/15/2005,
Vincent,Henry,vincenthenry@fakemail.com,"Fifth Third Bancorp",Zoologist,3/4/2015,
Christine,Irvin,christineirvin@fakemail.com,"The Hershey Company",Nursery Worker,5/10/2010,
Sandra,Jones,sandrajones@fakemail.com,"Alphabet Inc Class A",Building Inspector,1/23/2005,
Joan,Vaughn,joanvaughn@fakemail.com,"Public Serv. Enterprise Inc.",Personnel Recruiter,7/3/2014,
Lori,Molder,lorimolder@fakemail.com,"AMETEK Inc",Medical Technologist,4/1/2007,
William,Mori,williammori@fakemail.com,"Charter Communications",Museum Curator,1/26/2004,
Amy,Goddard,amygoddard@fakemail.com,"Snap-On Inc.",Financial Services Sales Agent,10/13/2013,
Jean,Meredith,jeanmeredith@fakemail.com,"KeyCorp",Child Care Worker,2/23/2009,
Frank,Easterly,frankeasterly@fakemail.com,"Verisign Inc.",Bank Examiner,10/21/2010,
Kathi,Hardman,kathihardman@fakemail.com,"TransDigm Group",Clinical Psychologist,10/11/2011,
Sheryl,Cook,sherylcook@fakemail.com,"Hess Corporation",Communications Professor,5/27/2005,
Terese,Gorham,teresegorham@fakemail.com,"Mead Johnson",Mechanical Engineer,8/14/2016,
James,Crowell,jamescrowell@fakemail.com,"Principal Financial Group",Middle School Administrator,4/24/2013,
Jeff,Khoury,jeffkhoury@fakemail.com,"WestRock Company",Database Administrator,9/7/2010,
Charles,Enriquez,charlesenriquez@fakemail.com,"Hologic",Securities Broker,3/16/2010,
William,Miller,williammiller@fakemail.com,"Becton Dickinson",School Psychologist,6/23/2009,
Ron,Gonzalez,rongonzalez@fakemail.com,"EOG Resources",Advertising Agency Coordinator,1/14/2009,
Andrea,Valenzuela,andreavalenzuela@fakemail.com,"Mattel Inc.",Accounting Specialist,3/26/2016,
Glenn,Penny,glennpenny@fakemail.com,"Citigroup Inc.",Systems Analyst,7/12/2003,
Joseph,Stewart,josephstewart@fakemail.com,"KeyCorp",Orthodontist,9/6/2004,
Lucinda,Gutknecht,lucindagutknecht@fakemail.com,"Mallinckrodt Plc",Nuclear Medicine Technologist,12/2/2013,
Richard,Dukes,richarddukes@fakemail.com,"National Oilwell Varco Inc.",Nuclear Technicians,2/27/2008,
James,Johnson,jamesjohnson@fakemail.com,"Cerner",Management Consultant,6/18/2008,
Brooke,Maurer,brookemaurer@fakemail.com,"Whirlpool Corp.",Warehouse Stock Clerk,6/1/2008,
Roderick,Angelo,roderickangelo@fakemail.com,"Eastman Chemical",Environmental Research Analyst,11/8/2012,
Dolores,Johnson,doloresjohnson@fakemail.com,"Eversource Energy",Technical Director,9/13/2008,
Bryan,Lai,bryanlai@fakemail.com,"Lowe's Cos.",Budget Analyst,4/13/2004,
Katie,Schmitt,katieschmitt@fakemail.com,"Honeywell Int'l Inc.",Retail Inventory Control Analyst,5/18/2008,
John,Moore,johnmoore@fakemail.com,"Charter Communications",Insurance Agent,8/4/2012,
Michael,Aragon,michaelaragon@fakemail.com,"Edwards Lifesciences",Clinical Dietitian,1/20/2011,
Jamal,Rigsby,jamalrigsby@fakemail.com,"Essex Property Trust, Inc.",Math Professor,3/13/2004,
Rosa,Mendez,rosamendez@fakemail.com,"Whirlpool Corp.",Middle School Teacher,10/23/2006,
Gene,Murphy,genemurphy@fakemail.com,"Red Hat Inc.",Fire Protection Engineer,3/12/2014,
Mary,Herman,maryherman@fakemail.com,"Hormel Foods Corp.",Medical Records Administrator,9/19/2009,
Mary,Pereira,marypereira@fakemail.com,"The Walt Disney Company",Market Research Analyst,4/8/2010,
Gerald,Du,geralddu@fakemail.com,"Best Buy Co. Inc.",Professor,6/8/2004,
Marian,Biondo,marianbiondo@fakemail.com,"BIOGEN IDEC Inc.",Adjustment Clerk,8/2/2009,
Nancy,Hawkins,nancyhawkins@fakemail.com,"Alaska Air Group Inc",Commercial Fisherman,5/4/2003,
Jeffrey,Miller,jeffreymiller@fakemail.com,"Ulta Salon Cosmetics & Fragrance Inc",Budget Analyst,7/2/2003,
Betty,Johnson,bettyjohnson@fakemail.com,"Kimberly-Clark",Social Service Volunteer,1/11/2011,
Ronald,Conroy,ronaldconroy@fakemail.com,"Marathon Oil Corp.",Landscape Architect,4/15/2003,
Cheryl,Franklin,cherylfranklin@fakemail.com,"Reynolds American Inc.",Medical Assistant,1/25/2011,
Dennis,Brown,dennisbrown@fakemail.com,"Ryder System",Advertising Agency Coordinator,11/9/2009,
Jonathan,Reis,jonathanreis@fakemail.com,"Xylem Inc.",Art Appraiser,5/20/2007,
Johnnie,Randolph,johnnierandolph@fakemail.com,"AutoNation Inc",Property Managers,3/15/2006,
Lauren,Guevara,laurenguevara@fakemail.com,"American Airlines Group",Engineer,12/4/2012,
Rodrick,Garcia,rodrickgarcia@fakemail.com,"Coach Inc.",Police Officer,2/18/2016,
Lawrence,Timms,lawrencetimms@fakemail.com,"Church & Dwight",Environmental Science Technician,10/9/2005,
Jewel,Kim,jewelkim@fakemail.com,"General Growth Properties Inc.",Mechanical Inspector,1/9/2015,
Fred,Franks,fredfranks@fakemail.com,"Anadarko Petroleum Corp",Music Director,11/16/2009,
Kevin,Sorrell,kevinsorrell@fakemail.com,"Hewlett Packard Enterprise",Accounting Specialist,7/18/2011,
Judith,Haveman,judithhaveman@fakemail.com,"Honeywell Int'l Inc.",Securities Broker,8/3/2014,
Judy,Rosa,judyrosa@fakemail.com,"Starbucks Corp.",Video Engineer,8/6/2006,
Carlotta,Puckett,carlottapuckett@fakemail.com,"Marriott Int'l.",Plumber,4/25/2013,
Tina,Suarez,tinasuarez@fakemail.com,"The Cooper Companies",Accounting Specialist,8/17/2016,
Rigoberto,Kerr,rigobertokerr@fakemail.com,"Southwest Airlines",Personal Service Supervisor,7/3/2004,
Steven,Hurwitz,stevenhurwitz@fakemail.com,"Thermo Fisher Scientific",Transportation Attendants,8/27/2012,
Ellsworth,Redway,ellsworthredway@fakemail.com,"Ventas Inc",Preschool Teacher,4/21/2015,
Floyd,Guerra,floydguerra@fakemail.com,"Carnival Corp.",Biology Professor,11/15/2008,
Jimmy,Huddleston,jimmyhuddleston@fakemail.com,"Harris Corporation",Corporation Lawyer,3/1/2009,
Bertha,Kelley,berthakelley@fakemail.com,"Lowe's Cos.",Database Administrator,8/16/2016,
Clifton,Fulton,cliftonfulton@fakemail.com,"Simon Property Group Inc",Hotel Manager,6/15/2003,
David,Amo,davidamo@fakemail.com,"E*Trade",Retail Store Manager,3/11/2012,
Ray,Martinez,raymartinez@fakemail.com,"Occidental Petroleum",Marketing Managers,4/15/2009,
Elizabeth,Dean,elizabethdean@fakemail.com,"American Airlines Group",Nuclear Engineer,11/19/2009,
Hector,Hollack,hectorhollack@fakemail.com,"Hologic",Foreign Exchange Trader,11/6/2006,
Jesse,Sherman,jessesherman@fakemail.com,"Tesoro Petroleum Co.",Computer Software Engineers,9/16/2004,
Tabitha,Lowery,tabithalowery@fakemail.com,"United Health Group Inc.",Certified Public Accountant ,3/21/2015,
Donald,Lambert,donaldlambert@fakemail.com,"Marathon Oil Corp.",Chaplain,8/20/2010,
Belen,Jolly,belenjolly@fakemail.com,"Mead Johnson",Commercial Diver,7/13/2008,
Charles,Dini,charlesdini@fakemail.com,"State Street Corp.",Soil Scientist,6/6/2005,
Annie,Barton,anniebarton@fakemail.com,"Celgene Corp.",Environmental Science Professsor,2/10/2013,
Rosalie,Wasinger,rosaliewasinger@fakemail.com,"Incyte",Chief Operating Officer,8/22/2016,
Michael,Schmidt,michaelschmidt@fakemail.com,"Unum Group",Biology Professor,4/26/2013,
Daniel,Chambers,danielchambers@fakemail.com,"Teradata Corp.",Self-Employed,6/20/2010,
Mary,Phelps,maryphelps@fakemail.com,"Bed Bath & Beyond",Aircraft Mechanic,2/9/2005,
Erin,Crandell,erincrandell@fakemail.com,"BB&T Corporation",Petroleum Engineer,9/25/2012,
Martha,Mcmullen,marthamcmullen@fakemail.com,"Hewlett Packard Enterprise",Surgeon,5/5/2014,
Paul,Boswell,paulboswell@fakemail.com,"EQT Corporation",Wildlife Biologist,8/15/2003,
Beatrice,Rothstein,beatricerothstein@fakemail.com,"Realty Income Corporation",Hospital Nurse,10/19/2014,
Leonor,Moreno,leonormoreno@fakemail.com,"Discover Financial Services",Alumni Relations Coordinator,6/24/2009,
Hilda,Williamson,hildawilliamson@fakemail.com,"Ecolab Inc.",Management Consultant,6/13/2006,
Marion,White,marionwhite@fakemail.com,"Johnson & Johnson",Sales Representitive,9/18/2006,
Howard,Smith,howardsmith@fakemail.com,"Rockwell Collins",Computer Programmer,12/18/2005,
Justin,Shelby,justinshelby@fakemail.com,"Stryker Corp.",Historical Archivist,11/26/2015,
Betty,Boswell,bettyboswell@fakemail.com,"Newell Brands",Tax Lawyer,10/25/2014,
Carol,Robbins,carolrobbins@fakemail.com,"PPL Corp.",Music Teacher,12/23/2007,
Isidro,Vinson,isidrovinson@fakemail.com,"The Cooper Companies",Fashion Artist,12/13/2007,
William,Sanchez,williamsanchez@fakemail.com,"PayPal",Financial Planner,8/4/2005,
Mohammed,Pinedo,mohammedpinedo@fakemail.com,"Apple Inc.",Financial Planner,12/4/2007,
Erlinda,Locklear,erlindalocklear@fakemail.com,"Fastenal Co",Tax Lawyer,11/14/2003,
James,Lott,jameslott@fakemail.com,"Realty Income Corporation",Chemical Engineer,5/5/2006,
Adina,Bergstresser,adinabergstresser@fakemail.com,"International Paper",Physical Therapist,8/5/2010,
Jessie,Pignataro,jessiepignataro@fakemail.com,"Equinix",Real Estate Sales Agent,9/22/2004,
Emily,Allen,emilyallen@fakemail.com,"Apache Corporation",Technical Director,7/22/2014,
Kevin,Wood,kevinwood@fakemail.com,"The Travelers Companies Inc.",Pilot,2/12/2014,
Nicolas,Spitz,nicolasspitz@fakemail.com,"WestRock Company",Purchasing Manager,6/8/2009,
Jerald,Crump,jeraldcrump@fakemail.com,"JPMorgan Chase & Co.",Patent Lawyer,11/23/2005,
David,Kirkpatrick,davidkirkpatrick@fakemail.com,"Leggett & Platt",Executive Secretary,1/23/2012,
Regina,Lewin,reginalewin@fakemail.com,"Charter Communications",Safety Inspector,7/26/2006,
Frederick,Brown,frederickbrown@fakemail.com,"Abbott Laboratories",Engineering Managers,3/12/2006,
William,Hawkinson,williamhawkinson@fakemail.com,"Fortune Brands Home & Security",Family Caseworker,5/7/2013,
Marilyn,Koons,marilynkoons@fakemail.com,"BIOGEN IDEC Inc.",Book Editor,1/24/2005,
Linda,Jackson,lindajackson@fakemail.com,"Alphabet Inc Class A",Advertising Account Executive,2/8/2011,
Will,Owens,willowens@fakemail.com,"Principal Financial Group",Educational Psychologist,7/25/2010,
Jessie,Cahill,jessiecahill@fakemail.com,"Applied Materials Inc",Government Service Executives,2/6/2011,
Steve,Esperon,steveesperon@fakemail.com,"Twenty-First Century Fox Class B",Aerospace Engineering Technician,11/4/2007,
Ariana,Marinas,arianamarinas@fakemail.com,"BlackRock",Physical Therapist,2/15/2008,
Annie,Piccirillo,anniepiccirillo@fakemail.com,"Visa Inc.",Financial Analyst,6/20/2011,
Willie,Jones,williejones@fakemail.com,"Whirlpool Corp.",Agricultural Inspector,2/7/2010,
Maria,Kirgan,mariakirgan@fakemail.com,"CBOE Holdings",Fire Prevention Engineer,10/11/2013,
Harold,Lucas,haroldlucas@fakemail.com,"Simon Property Group Inc",Physical Therapist,3/15/2016,
Kurt,Koffler,kurtkoffler@fakemail.com,"Altria Group Inc",Athletic Coach,5/14/2007,
David,Wood,davidwood@fakemail.com,"Fastenal Co",Gynecologist,12/10/2015,
Jeffrey,Wahlstrom,jeffreywahlstrom@fakemail.com,"UDR Inc",Fitness Trainer,11/12/2006,
Brittney,Gordon,brittneygordon@fakemail.com,"Xerox Corp.",Air Crew Member,3/14/2009,
Paul,Hedgepeth,paulhedgepeth@fakemail.com,"Harris Corporation",Office Clerk,7/2/2006,
Brandon,Barrows,brandonbarrows@fakemail.com,"Centene Corporation",Accounting Specialist,5/26/2007,
Jamie,Guzman,jamieguzman@fakemail.com,"Fastenal Co",Treasurer,4/3/2007,
Douglas,Percival,douglaspercival@fakemail.com,"Fidelity National Information Services",Advertising Agency Coordinator,9/4/2005,
Jordan,Prado,jordanprado@fakemail.com,"Western Union Co",Hotel Manager,1/22/2010,
Amy,Miller,amymiller@fakemail.com,"Western Union Co",Funeral Director,2/17/2011,
June,Cooper,junecooper@fakemail.com,"Priceline.com Inc",Probation Officer,2/8/2006,
Maria,Votaw,mariavotaw@fakemail.com,"Michael Kors Holdings",Family Caseworker,3/19/2015,
Robert,Bornhorst,robertbornhorst@fakemail.com,"Anthem Inc.",Technical Director,4/13/2009,
Lindy,Williams,lindywilliams@fakemail.com,"HCP Inc.",Fine Artist,9/22/2005,
Denice,Ross,deniceross@fakemail.com,"Facebook, Inc.",Accounting Specialist,10/17/2004,
Stuart,Magnuson,stuartmagnuson@fakemail.com,"FMC Technologies Inc.",Real Estate Sales Agent,8/17/2009,
Henry,Ford,henryford@fakemail.com,"BorgWarner",Budget Analyst,5/6/2012,
Herbert,Gross,herbertgross@fakemail.com,"Danaher Corp.",Athletic Coach,6/26/2011,
April,Pullum,aprilpullum@fakemail.com,"Lockheed Martin Corp.",Sociology Professor,8/25/2011,
Minh,Hood,minhhood@fakemail.com,"Kinder Morgan",Marine Architect,11/7/2016,
Gary,Shibuya,garyshibuya@fakemail.com,"Skyworks Solutions",Nurse Practitioner,9/10/2007,
Mark,Gray,markgray@fakemail.com,"Verizon Communications",Occupational Therapist,2/23/2015,
Jerry,Owens,jerryowens@fakemail.com,"McDonald's Corp.",Mechanical Inspector,1/9/2009,
Jean,Hall,jeanhall@fakemail.com,"Norfolk Southern Corp.",Art Therapist,7/27/2006,
Ralph,Seal,ralphseal@fakemail.com,"Pioneer Natural Resources",Computer Systems Engineer,6/5/2014,
Joan,Miller,joanmiller@fakemail.com,"Yum! Brands Inc",Middle School Teacher,7/7/2010,
Earnest,Irvin,earnestirvin@fakemail.com,"Best Buy Co. Inc.",Treasurer,9/8/2007,
Christopher,Prattis,christopherprattis@fakemail.com,"Robert Half International",Family Caseworker,6/21/2012,
Barry,Thomas,barrythomas@fakemail.com,"Chesapeake Energy",Graduate Teaching Assistant,10/11/2011,
Raymond,Jennings,raymondjennings@fakemail.com,"Republic Services Inc",High School Guidance Counselor,5/5/2007,
Elizabeth,Meade,elizabethmeade@fakemail.com,"CSX Corp.",Industrial Engineer,5/10/2008,
Samella,Ormond,samellaormond@fakemail.com,"The Cooper Companies",Middle School Teacher,11/18/2012,
Jordan,Eikenberry,jordaneikenberry@fakemail.com,"L-3 Communications Holdings",Landscape Architect,7/23/2012,
Jo,Hinnant,johinnant@fakemail.com,"Waters Corporation",Newspaper Editor,7/22/2012,
Julianne,Metz,juliannemetz@fakemail.com,"AES Corp",Engineer,11/14/2004,
Sabrina,Snider,sabrinasnider@fakemail.com,"Red Hat Inc.",Dental Assistant,3/15/2008,
Jennifer,Shattuck,jennifershattuck@fakemail.com,"General Growth Properties Inc.",Nurse Practitioner,1/16/2016,
Ernest,Mcdonald,ernestmcdonald@fakemail.com,"J. B. Hunt Transport Services",Insurance Agent,10/17/2014,
Tracey,Frazier,traceyfrazier@fakemail.com,"Southwestern Energy",Metal Fabricator,9/25/2003,
Charles,Jones,charlesjones@fakemail.com,"Principal Financial Group",Mechanical Inspector,11/14/2014,
Sarah,Fecteau,sarahfecteau@fakemail.com,"Lowe's Cos.",Systems Analyst,11/12/2014,
Shirley,Cruz,shirleycruz@fakemail.com,"Tyson Foods",Clinical Dietitian,3/13/2008,
Olga,Gladney,olgagladney@fakemail.com,"Fastenal Co",Sound Engineering Technicians,5/6/2008,
Patricia,Marsh,patriciamarsh@fakemail.com,"Tesoro Petroleum Co.",Tax Accountant,5/9/2013,
Ryan,Kenon,ryankenon@fakemail.com,"Acuity Brands Inc",Industrial Designer,3/27/2011,
Stephanie,Woomer,stephaniewoomer@fakemail.com,"Leucadia National Corp.",Structural Engineer,4/26/2012,
Efrain,Hebel,efrainhebel@fakemail.com,"F5 Networks",Hospital Nurse,7/20/2014,
Cathy,Alford,cathyalford@fakemail.com,"Moody's Corp",Social Psychologist,9/24/2012,
Elizabeth,Davis,elizabethdavis@fakemail.com,"Morgan Stanley",Tax Auditor,8/12/2008,
Ollie,Collinsworth,olliecollinsworth@fakemail.com,"Staples Inc.",Child Support Services Worker,11/6/2012,
Keisha,Garcia,keishagarcia@fakemail.com,"Teradata Corp.",Floral Designer,7/13/2004,
Patrick,Hendon,patrickhendon@fakemail.com,"Quest Diagnostics",Chief Executive Officer,8/9/2014,
Robert,Garza,robertgarza@fakemail.com,"Invesco Ltd.",Real Estate Broker,6/9/2015,
Marshall,Rogers,marshallrogers@fakemail.com,"Cummins Inc.",Automobile Mechanic,8/13/2007,
Vera,Ramirez,veraramirez@fakemail.com,"Hologic",Social Psychologist,2/21/2010,
Kevin,Phillips,kevinphillips@fakemail.com,"Agilent Technologies Inc",Marking Clerk,9/2/2007,
Elizabeth,Jackson,elizabethjackson@fakemail.com,"Advance Auto Parts",Physical Education Instructor,7/13/2006,
Paula,Raspberry,paularaspberry@fakemail.com,"Fifth Third Bancorp",Fitness Trainer,11/9/2016,
Eusebio,Whitehouse,eusebiowhitehouse@fakemail.com,"Bard (C.R.) Inc.",Office Supervisor,12/27/2005,
Nellie,Yepes,nellieyepes@fakemail.com,"Textron Inc.",Agricultural Technician,2/2/2003,
Susan,Lay,susanlay@fakemail.com,"Invesco Ltd.",Medical Assistant,1/16/2014,
Jerri,Roach,jerriroach@fakemail.com,"Delta Air Lines",Medical Secretary,6/20/2016,
Reginald,Swingle,reginaldswingle@fakemail.com,"D. R. Horton",IT Administrator,11/22/2005,
Tony,Crossan,tonycrossan@fakemail.com,"Mattel Inc.",Medical Secretary,1/12/2006,
Tina,Harris,tinaharris@fakemail.com,"Assurant Inc",Purchasing Manager,9/13/2009,
Andy,Joseph,andyjoseph@fakemail.com,"General Growth Properties Inc.",Air Crew Member,3/19/2007,
Johnnie,Beeler,johnniebeeler@fakemail.com,"Skyworks Solutions",Chief Financial Officer,6/1/2005,
Elizabeth,Sanderson,elizabethsanderson@fakemail.com,"Occidental Petroleum",Makeup Artist,4/18/2007,
Giovanna,Neal,giovannaneal@fakemail.com,"Allegion",Fitness Trainer,1/10/2007,
Eva,Jones,evajones@fakemail.com,"Willis Towers Watson",Community Organization Worker,11/28/2003,
Kimberly,Harrison,kimberlyharrison@fakemail.com,"Kellogg Co.",Quality Control Engineer,4/12/2013,
Mary,Young,maryyoung@fakemail.com,"AutoZone Inc",Athletic Coach,5/25/2014,
